<?xml version="1.0"?>
<rolemap>
  <permissions>
    <permission name="collective.tablepage: Add TablePage" acquire="False">
      <role name="Manager" />
      <role name="Site Administrator" />
      <role name="Contributor" />
    </permission>
    <permission name="collective.tablepage: Edit Table" acquire="False">
      <role name="Manager" />
      <role name="Site Administrator" />
      <role name="Contributor" />
      <role name="Editor" />
    </permission>
    <permission name="collective.tablepage: Manage Table" acquire="False">
      <role name="Manager" />
      <role name="Site Administrator" />
      <role name="Editor" />
    </permission>	
    <permission name="collective.tablepage: Manage Label" acquire="False">
      <role name="Manager" />
      <role name="Site Administrator" />
      <!--role name="Editor" /-->
    </permission>
    <permission name="collective.tablepage: Upload CSV" acquire="False">
      <role name="Manager" />
      <role name="Site Administrator" />
      <role name="Contributor" />
      <role name="Editor" />
    </permission>
    <permission name="collective.tablepage: Access Search Configuration" acquire="False">
      <role name="Manager" />
      <role name="Site Administrator" />
      <role name="Editor" />
    </permission>
    <permission name="collective.tablepage: Show Search" acquire="False">
      <role name="Manager" />
      <role name="Site Administrator" />
      <role name="Anonymous" />
    </permission>
  </permissions>
</rolemap>
