<?xml version="1.0"?>
<object name="portal_properties">
 <object name="ploneboard_notify_properties" meta_type="Plone Property Sheet">
  <property name="title">PloneboardNotify properties</property>
  <property name="sendto_all" type="boolean">False</property>
  <property name="sendto_values" type="lines"/>
  <property name="msg_subject" type="string"></property>
  <property name="msg_from" type="string"></property>
  <property name="msg_argument" type="string"></property>  
  <property name="msg_mess" type="string"></property>
  <!-- general configurations -->
  <property name="debug_mode" type="boolean"/>
  <property name="notify_encode" type="string">utf-8</property>
 </object>
</object>
