<?xml version="1.0"?>
<object>
 <resourcetypes>
  <customplugins purge="False">
    <element value="plomino_tinymce|/++resource++plomino.tinymce/plomino_tinymce/editor_plugin.js"/>
    <element value="atomic|/++resource++plomino.tinymce/atomic/editor_plugin.js"/>
    <element value="plomino_accordion|/++resource++plomino.tinymce/plomino_accordion/editor_plugin.js"/>
  </customplugins>
 </resourcetypes>

 <toolbar>
  <customtoolbarbuttons purge="False">
  <toolbar_plomino_tinymce value="plominofield"/>
  <toolbar_plomino_tinymce value="plominoaction"/>
  <toolbar_plomino_tinymce value="plominosubform"/>
  <toolbar_plomino_tinymce value="plominohidewhen"/>
  <toolbar_plomino_tinymce value="plominoaccordion"/>
  <toolbar_plomino_tinymce value="plominocache"/>
  </customtoolbarbuttons>
 </toolbar>
</object>
