<?xml version="1.0"?>
<object name="Carousel Banner"
   meta_type="Factory-based Type Information with dynamic views"
   xmlns:i18n="http://xml.zope.org/namespaces/i18n"
   i18n:domain="plone">
  <property name="title" i18n:translate="">Carousel Banner</property>
  <property name="description"
    i18n:translate="">A carousel banner which may include an image, text, and/or link.</property>
  <property name="content_meta_type">Carousel Banner</property>
  <property name="content_icon">document_icon.gif</property>
  <property name="product">Carousel</property>
  <property name="factory">addCarouselBanner</property>
  <property name="immediate_view">atct_edit</property>
  <property name="global_allow">True</property>
  <property name="filter_content_types">False</property>
  <property name="allow_discussion">False</property>
  <property name="default_view">base_view</property>
  <property name="view_methods">
    <element value="base_view" />
  </property>
  <alias from="(Default)" to="(dynamic view)" />
  <alias from="edit" to="atct_edit" />
  <alias from="sharing" to="@@sharing" />
  <alias from="view" to="(selected layout)" />
  <action title="View" action_id="view" category="object" condition_expr=""
    url_expr="string:${object_url}/" visible="True">
    <permission value="View" />
  </action>
  <action title="Edit" action_id="edit" category="object" condition_expr=""
    url_expr="string:${object_url}/edit" visible="True">
    <permission value="Modify portal content" />
  </action>
</object>
