<?xml version="1.0"?>
<object name="portal_types">
	<object name="AliasVocabulary"
		meta_type="Factory-based Type Information" />
	<object name="SimpleVocabulary"
		meta_type="Factory-based Type Information" />
	<object name="SimpleVocabularyTerm"
		meta_type="Factory-based Type Information" />
	<object name="SortedSimpleVocabulary"
		meta_type="Factory-based Type Information" />
	<object name="TreeVocabulary"
		meta_type="Factory-based Type Information" />
	<object name="TreeVocabularyTerm"
		meta_type="Factory-based Type Information" />
	<object name="VdexFileVocabulary"
		meta_type="Factory-based Type Information" />
	<object name="VocabularyLibrary"
		meta_type="Factory-based Type Information" />
</object>
