<?xml version="1.0"?>
<object name="portal_workflow">
	<bindings>
		<type type_id="AliasVocabulary">
			<bound-workflow workflow_id="(Default)"/>
		</type>
		<type type_id="SimpleVocabulary">
			<bound-workflow workflow_id="(Default)"/>
		</type>
		<type type_id="SimpleVocabularyTerm">
			<bound-workflow workflow_id="(Default)"/>
		</type>
		<type type_id="SortedSimpleVocabulary">
			<bound-workflow workflow_id="(Default)"/>
		</type>
		<type type_id="TreeVocabulary">
			<bound-workflow workflow_id="(Default)"/>
		</type>
		<type type_id="TreeVocabularyTerm">
			<bound-workflow workflow_id="(Default)"/>
		</type>
		<type type_id="VdexFileVocabulary">
			<bound-workflow workflow_id="(Default)"/>
		</type>
		<type type_id="VdexLangstring">
			<bound-workflow workflow_id="(Default)"/>
		</type>
		<type type_id="VdexMediaDescriptor">
			<bound-workflow workflow_id="(Default)"/>
		</type>
		<type type_id="VdexRelationEndPoint">
			<bound-workflow workflow_id="(Default)"/>
		</type>
		<type type_id="VdexTerm">
			<bound-workflow workflow_id="(Default)"/>
		</type>
		<type type_id="VdexVocabulary">
			<bound-workflow workflow_id="(Default)"/>
		</type>
		<type type_id="VocabularyLibrary">
			<bound-workflow workflow_id="(Default)"/>
		</type>
	</bindings>
</object>
