<?xml version="1.0"?>
<object name="portal_actions" meta_type="Plone Actions Tool"
    xmlns:i18n="http://xml.zope.org/namespaces/i18n">
    <action-provider name="portal_actions" />
    <object name="object" meta_type="CMF Action Category">
     <object name="gallery_settings" meta_type="CMF Action" i18n:domain="collective.plonetruegallery">
      <property name="title">Gallery Settings</property>
      <property name="description"></property>
      <property name="url_expr">string:${object_url}/@@gallery-settings</property>
      <property name="icon_expr"></property>
      <property name="available_expr">object/@@plonetruegallery_util/enabled</property>
      <property name="permissions">
       <element value="collective.plonetruegallery: manage galleries"/>
      </property>
      <property name="visible">True</property>
     </object>
     <object name="refresh-gallery" meta_type="CMF Action" i18n:domain="collective.plonetruegallery">
      <property name="title">Refresh Gallery</property>
      <property name="description"></property>
      <property name="url_expr">string:${object_url}/@@refresh</property>
      <property name="icon_expr"></property>
      <property name="available_expr">object/@@plonetruegallery_util/refresh_enabled</property>
      <property name="permissions">
        <element value="collective.plonetruegallery: manage galleries"/>
      </property>
      <property name="visible">True</property>
     </object>
    </object>
</object>