<?xml version="1.0"?>
<object name="PlominoDocument"
        meta_type="Factory-based Type Information with dynamic views"
        xmlns:i18n="http://xml.zope.org/namespaces/i18n">
   
 <property name="title">PlominoDocument</property>
 <property name="description"></property>
 <property name="content_icon">PlominoDocument.gif</property>
 <property name="content_meta_type">PlominoDocument</property>
 <property name="product">CMFPlomino</property>
 <property name="factory">addPlominoDocument</property>
 <property name="immediate_view">OpenDocument</property>
 <property name="global_allow">False</property>
 <property name="filter_content_types">True</property>
 <property name="allowed_content_types">
 </property>
 <property name="allow_discussion">False</property>
 <property name="default_view">OpenDocument</property>
 <property name="view_methods">
  <element value="OpenDocument"/>
 </property>
 <property name="default_view_fallback">False</property>
 <alias from="(Default)" to="(dynamic view)"/>
 <action title="View" 
         action_id="view"
         category="object" 
         condition_expr="python:1"
         url_expr="string:${object_url}/OpenDocument" 
         visible="True">
  <permission value="View"/>
 </action>
 <action title="Edit" 
         action_id="edit"
         category="object" 
         condition_expr="python:1"
         url_expr="string:${object_url}/EditDocument" 
         visible="True">
  <permission value="CMFPlomino: Edit documents"/>
 </action>
 <action title="Document properties" 
         action_id="documentproperties"
         category="object" 
         condition_expr="python:1"
         url_expr="string:${object_url}/DocumentProperties" 
         visible="True">
  <permission value="CMFPlomino: Modify Database design"/>
 </action>
</object>
