<?xml version="1.0"?>
<object name="PlominoView"
        meta_type="Factory-based Type Information with dynamic views"
        xmlns:i18n="http://xml.zope.org/namespaces/i18n">
   
 <property name="title">PlominoView</property>
 <property name="description"></property>
 <property name="content_icon">PlominoView.gif</property>
 <property name="content_meta_type">PlominoView</property>
 <property name="product">CMFPlomino</property>
 <property name="factory">addPlominoView</property>
 <property name="immediate_view">base_view</property>
 <property name="global_allow">False</property>
 <property name="filter_content_types">True</property>
 <property name="allowed_content_types">
   <element value="PlominoAction"/>
   <element value="PlominoColumn"/>
 </property>
 <property name="allow_discussion">False</property>
 <property name="default_view">checkBeforeOpenView</property>
 <property name="view_methods">
  <element value="base_view"/>
 </property>
 <property name="default_view_fallback">False</property>
 <alias from="(Default)" to="(dynamic view)"/>
 <alias from="view" to="(selected layout)"/>
 <alias from="edit" to="base_edit"/>
 <alias from="properties" to="base_metadata"/>
 <alias from="sharing" to="folder_localrole_form"/>
 <action title="Edit" 
         action_id="edit"
         category="object" 
         condition_expr="not:object/@@plone_lock_info/is_locked_for_current_user"
         url_expr="string:${object_url}/edit" 
         visible="True">
  <permission value="Modify portal content"/>
 </action>
 <action title="Properties" 
         action_id="metadata"
         category="object" 
         condition_expr=""
         url_expr="string:${object_url}/properties" 
         visible="True">
  <permission value="Modify portal content"/>
 </action>
 <action title="View" 
         action_id="view"
         category="object" 
         condition_expr="python:1"
         url_expr="string:${object_url}/checkBeforeOpenView" 
         visible="True">
  <permission value="View"/>
 </action>
</object>
