<?xml version="1.0"?>
<metadata>
  <version>10</version>
  <dependencies>
    <dependency>profile-collective.js.galleria:default</dependency>
    <dependency>profile-collective.js.jqueryui:default</dependency>
    <dependency>profile-plone.app.blocks:default</dependency>
    <dependency>profile-plone.app.dexterity:default</dependency>
    <dependency>profile-plone.app.iterate:plone.app.iterate</dependency>
    <dependency>profile-plone.app.relationfield:default</dependency>
    <dependency>profile-plone.app.tiles:default</dependency>
  </dependencies>
</metadata>
