<?xml version="1.0"?>
<registry>
  <records interface="collective.cover.controlpanel.ICoverSettings" />

  <record field="layouts"
          interface="collective.cover.controlpanel.ICoverSettings"
          name="collective.cover.controlpanel.ICoverSettings.layouts">
    <field type="plone.registry.field.Dict">
      <key_type type="plone.registry.field.TextLine"/>
      <value_type type="plone.registry.field.TextLine"/>
    </field>
    <value>
      <element key="Layout A">[{"type": "row", "class": "row", "children": [{"id": "group1", "type": "group", "data":{"column-size":16, "layout-type":"column"}, "roles": ["Manager"], "children": [{"tile-type": "collective.cover.carousel", "type": "tile", "class": "tile", "id": "d34acf7c70084016810946f9039ffb67"}]}]}, {"type": "row", "class": "row", "children": [{"type": "group", "data":{"column-size":8, "layout-type":"column"}, "roles": ["Manager"], "children": [{"tile-type": "collective.cover.list", "type": "tile", "class": "tile", "id": "7bb03c26b2504b8a9cadf5b852cc8a2c"}]}, {"type": "group", "data":{"column-size":8, "layout-type":"column"}, "roles": ["Manager"], "children": [{"tile-type": "collective.cover.collection", "type": "tile", "class": "tile", "id": "cc6d0ff688a143b38d64db2493ca74ce"}]}]}, {"type": "row", "class": "row", "children": [{"id": "group2", "type": "group", "data":{"column-size":5, "layout-type":"column"}, "roles": ["Manager"], "children": [{"tile-type": "collective.cover.basic", "type": "tile", "class": "tile", "id": "6673d5554e934b4396790a92698e32d0"}]}, {"type": "group", "data":{"column-size":5, "layout-type":"column"}, "roles": ["Manager"], "children": [{"tile-type": "collective.cover.basic", "type": "tile", "class": "tile", "id": "db093ff0b98c4475aeb4cb7c3a78e9ba"}]}, {"type": "group", "data":{"column-size":5, "layout-type":"column"}, "roles": ["Manager"], "children": [{"tile-type": "collective.cover.basic", "type": "tile", "class": "tile", "id": "bfe62e09db9e4a538f92dbeda8db42de"}]}]}]</element>
      <element key="Layout B">[{"type": "row", "class": "row", "children": [{"id": "group1", "type": "group", "data":{"column-size":8, "layout-type":"column"}, "roles": ["Manager"], "children": [{"tile-type": "collective.cover.basic", "type": "tile", "class": "tile", "id": "4ebc5e6678044918b76280ec0204041a"}]}, {"type": "group", "data":{"column-size":8, "layout-type":"column"}, "roles": ["Manager"], "children": [{"tile-type": "collective.cover.list", "type": "tile", "class": "tile", "id": "7d68fd4cf0e34073aea99568f1e8eef6"}]}]}, {"type": "row", "class": "row", "children": [{"id": "group2", "type": "group", "data":{"column-size":8, "layout-type":"column"}, "roles": ["Manager"], "children": [{"tile-type": "collective.cover.basic", "type": "tile", "class": "tile", "id": "03fbc0eccfb446debef114ebfa49a14c"}]}, {"type": "group", "data":{"column-size":8, "layout-type":"column"}, "roles": ["Manager"], "children": [{"tile-type": "collective.cover.list", "type": "tile", "class": "tile", "id": "d9892b66d47547fb99cfa4ac9802b2c3"}]}]}]</element>
      <element key="Layout C">[{"type": "row", "class": "row", "children": [{"id": "group1", "type": "group", "data":{"column-size":8, "layout-type":"column"}, "roles": ["Manager"], "children": [{"tile-type": "collective.cover.basic", "type": "tile", "class": "tile", "id": "33ab4627d26a4e868bb6044d5f270633"}]}, {"type": "group", "data":{"column-size":8, "layout-type":"column"}, "roles": ["Manager"], "children": [{"tile-type": "collective.cover.basic", "type": "tile", "class": "tile", "id": "ff53063434ea4be1968c19a94ae57a29"}]}]}, {"type": "row", "class": "row", "children": [{"id": "group2", "type": "group", "data":{"column-size":8, "layout-type":"column"}, "roles": ["Manager"], "children": [{"tile-type": "collective.cover.list", "type": "tile", "class": "tile", "id": "c57800cb56dc44ccae531517af725c2e"}]}, {"type": "group", "data":{"column-size":8, "layout-type":"column"}, "roles": ["Manager"], "children": [{"tile-type": "collective.cover.list", "type": "tile", "class": "tile", "id": "81af4c0eb99343e286a4a07c15c40c2c"}]}]}]</element>
      <element key="Empty layout">[{"type": "row", "class": "row", "children": [{"type": "group", "data":{"column-size":16, "layout-type":"column"}, "roles": ["Manager"]}]}]</element>
    </value>
  </record>

  <record
      field="styles"
      interface="collective.cover.controlpanel.ICoverSettings"
      name="collective.cover.controlpanel.ICoverSettings.styles">
    <field type="plone.registry.field.Set">
      <default/>
      <description>Enter a list of styles to appear in the style pulldown. Format is title|className, one per line.</description>
      <title>Styles</title>
      <value_type type="plone.registry.field.ASCIILine">
        <title>CSS Class</title>
      </value_type>
    </field>
    <value>
      <element>-Default-|tile-default</element>
      <element>Border|tile-edge</element>
      <element>Dark Background|tile-dark</element>
      <element>Shadow|tile-shadow</element>
    </value>
  </record>

  <record name="plone.app.tiles">
    <value purge="false">
      <element>collective.cover.banner</element>
      <element>collective.cover.basic</element>
      <element>collective.cover.carousel</element>
      <element>collective.cover.collection</element>
      <element>collective.cover.contentbody</element>
      <element>collective.cover.embed</element>
      <element>collective.cover.file</element>
      <element>collective.cover.list</element>
      <element>collective.cover.pfg</element>
      <element>collective.cover.richtext</element>
    </value>
  </record>

</registry>
