<?xml version="1.0"?>
<object name="SortedSimpleVocabulary"
   meta_type="Factory-based Type Information"
   xmlns:i18n="http://xml.zope.org/namespaces/i18n"
   i18n:domain="atvocabularymanager">
 <property name="title" i18n:translate="">Sorted Simple Vocabulary</property>
 <property
    name="description" i18n:translate="sortedsimplevocabulary_description">A vocabulary implementation where terms are sorted</property>
 <property name="content_icon">folder_icon.gif</property>
 <property name="content_meta_type">SortedSimpleVocabulary</property>
 <property name="product">ATVocabularyManager</property>
 <property name="factory">addSortedSimpleVocabulary</property>
 <property name="immediate_view">simplevocabulary_view</property>
 <property name="global_allow">False</property>
 <property name="filter_content_types">True</property>
 <property name="allowed_content_types">
  <element value="SimpleVocabularyTerm"/>
 </property>
 <property name="allow_discussion">False</property>
 <alias from="(Default)" to="simplevocabulary_view"/>
 <alias from="edit" to="base_edit"/>
 <alias from="view" to="simplevocabulary_view"/>
 <action title="View" action_id="view" category="object" condition_expr=""
    url_expr="string:${object_url}/" visible="True">
  <permission value="View"/>
 </action>
 <action title="Edit" action_id="edit" category="object"
    condition_expr="not:object/@@plone_lock_info/is_locked_for_current_user"
    url_expr="string:${object_url}/edit" visible="True">
  <permission value="Modify portal content"/>
 </action>
 <action title="References" action_id="references" category="object"
    condition_expr="object/archetype_tool/has_graphviz"
    url_expr="string:${object_url}/reference_graph" visible="True">
  <permission value="Modify portal content"/>
  <permission value="Review portal content"/>
 </action>
</object>
