<?xml version="1.0"?>
<object name="portal_actions" meta_type="Plone Actions Tool"
   xmlns:i18n="http://xml.zope.org/namespaces/i18n">
  <object name="object_buttons" meta_type="CMF Action Category">
    <object name="show_roles" meta_type="CMF Action" i18n:domain="ftw.permissionmanager">
     <property name="title" i18n:translate="">Manage permissions</property>
     <property name="description" i18n:translate=""></property>
     <property
        name="url_expr">string:${object_url}/@@permission_manager</property>
     <property name="link_target"></property>
     <property name="icon_expr"></property>
     <property name="available_expr"></property>
     <property name="permissions">
      <element value="Sharing page: Delegate roles"/>
     </property>
     <property name="visible">True</property>
    </object>
  </object>
</object>