<?xml version="1.0"?>
<object name="Employee"
   meta_type="Factory-based Type Information with dynamic views"
   i18n:domain="vs.org" xmlns:i18n="http://xml.zope.org/namespaces/i18n">
  <property name="title" i18n:translate="">Employee</property>
  <property name="description"
    i18n:translate="">Employee of an institution and/or departments</property>
  <property name="content_meta_type">Employee</property>
  <property name="content_icon">++resource++vs.org.images/employee_icon.gif</property>
  <property name="product">vs.org</property>
  <property name="factory">addEmployee</property>
  <property name="immediate_view">atct_edit</property>
  <property name="global_allow">False</property>
  <property name="filter_content_types">False</property>
  <property name="allow_discussion">False</property>
  <property name="default_view">@@employee_view</property>
  <property name="view_methods">
    <element value="@@employee_view" />
  </property>
  <alias from="(Default)" to="(dynamic view)" />
  <alias from="edit" to="atct_edit" />
  <alias from="sharing" to="@@sharing" />
  <alias from="view" to="(selected layout)" />
  <action title="View" action_id="view" category="object" condition_expr=""
    url_expr="string:${object_url}/" visible="True">
    <permission value="View" />
  </action>
  <action title="Edit" action_id="edit" category="object" condition_expr=""
    url_expr="string:${object_url}/edit" visible="True">
    <permission value="Modify portal content" />
  </action>
</object>
