<?xml version="1.0"?>
<object name="portal_javascripts" meta_type="JavaScripts Registry">

 <javascript cacheable="True"
             compression="safe"
             cookable="True"
             enabled="True"
             expression=""
             id="++resource++plomino.javascript/plomino.dynamicview.js"
             inline="False"
             insert-after="++resource++plone.app.jquery.js"
             />
             
 <javascript cacheable="True"
             compression="safe"
             cookable="True"
             enabled="True"
             expression=""
             id="++resource++plomino.javascript/plomino.accordion.js"
             inline="False"
             insert-after="++resource++plone.app.jquery.js"
             />
 <javascript cacheable="True"
             compression="safe"
             cookable="True"
             enabled="True"
             expression=""
             id="++resource++plomino.javascript/plomino.datepicker.js"
             inline="False"
             insert-after="++resource++plone.app.jquery.js"
             />
 <javascript cacheable="True"
             compression="safe"
             cookable="True"
             enabled="True"
             expression=""
             id="++resource++plomino.javascript/jquery.urlEncode.js"
             inline="False"
             insert-after="++resource++plone.app.jquery.js"
             />
 <javascript cacheable="True"
             compression="safe"
             cookable="True"
             enabled="True"
             expression=""
             id="++resource++plomino.javascript/jquery.json-2.2.min.js"
             inline="False"
             insert-after="++resource++plone.app.jquery.js"
             />
 <javascript cacheable="True"
             compression="safe"
             cookable="True"
             enabled="True"
             expression=""
             id="++resource++plomino.javascript/plomino.datagrid.js"
             inline="False"
             insert-after="++resource++plone.app.jquery.js"
             />
 <javascript cacheable="True"
             compression="safe"
             cookable="True"
             enabled="True"
             expression=""
             id="++resource++plomino.javascript/plomino.debug.js"
             inline="False"
             insert-after="++resource++plone.app.jquery.js"
             />
 <javascript cacheable="True"
             compression="safe"
             cookable="True"
             enabled="True"
             expression="context/@@isPlominoDesignContext"
             id="++resource++plomino.javascript/plomino.codemirror.js"
             inline="False"
             insert-after="++resource++plone.app.jquery.js"
             />
 <javascript cacheable="True"
             compression="safe"
             cookable="True"
             enabled="True"
             expression="object/@@isPlominoDesignContext"
             id="++resource++codemirror/codemirror-compressed.js"
             inline="False"
             insert-after="++resource++plomino.javascript/plomino.codemirror.js"
             />
 <javascript cacheable="True"
             compression="safe"
             cookable="True"
             enabled="True"
             expression="object/@@isPlominoDesignContext"
             id="++resource++codemirror/convertTextAreas.js"
             inline="False"
             insert-after="++resource++plomino.javascript/plomino.codemirror.js"
             />
 <javascript cacheable="True"
             compression="safe"
             cookable="True"
             enabled="True"
             expression="object/@@isPlominoDesignContext"
             id="++resource++plomino.javascript/plomino.design.js"
             inline="False"
             insert-after="++resource++codemirror/convertTextAreas.js"
             />
</object>