<?xml version="1.0"?>
<object name="FSDCommitteeMembership"
   meta_type="Factory-based Type Information with dynamic views"
   xmlns:i18n="http://xml.zope.org/namespaces/i18n" i18n:domain="plone">

 <property name="title" i18n:translate="">Committee Membership Information</property>
 <property name="description" i18n:translate="">Contains information pertaining to a person's membership in a committee.</property>
 <property name="content_icon">document_icon.gif</property>
 <property name="content_meta_type">FSDCommitteeMembership</property>
 <property name="product">FacultyStaffDirectory</property>
 <property name="factory">addCommitteeMembership</property>
 <property name="immediate_view">base_view</property>
 <property name="global_allow">False</property>
 <property name="filter_content_types">True</property>
 <property name="allowed_content_types"/>
 <property name="allow_discussion">False</property>
 <property name="default_view">base_view</property>
 <property name="view_methods">
  <element value="base_view"/>
 </property>
 <property name="default_view_fallback">False</property>
 <alias from="(Default)" to="(dynamic view)"/>
 <alias from="edit" to="committeemembership_edit"/>
 <alias from="index.html" to="(dynamic view)"/>
 <alias from="properties" to="base_metadata"/>
 <alias from="sharing" to="folder_localrole_form"/>
 <alias from="view" to="(dynamic view)"/>
 <action title="View" action_id="view" category="object" condition_expr=""
    url_expr="string:${object_url}/" visible="True">
  <permission value="View"/>
 </action>
 <action title="Edit" action_id="edit" category="object" condition_expr=""
    url_expr="string:${object_url}/edit" visible="True">
  <permission value="Modify portal content"/>
 </action>
 <action title="Properties" action_id="metadata" category="object"
    condition_expr="python:0" url_expr="string:${object_url}/base_metadata"
    visible="False">
  <permission value="Modify portal content"/>
 </action>
 <action title="References" action_id="references" category="object"
    condition_expr="object/archetype_tool/has_graphviz"
    url_expr="string:${object_url}/reference_graph" visible="True">
  <permission value="Modify portal content"/>
  <permission value="Review portal content"/>
 </action>
 <action title="Sharing" action_id="local_roles" category="object"
    condition_expr="python:0"
    url_expr="string:${object_url}/folder_localrole_form" visible="False">
  <permission value="View"/>
 </action>
</object>
