<?xml version="1.0"?>
<object name="FSDFacultyStaffDirectory"
   meta_type="Factory-based Type Information with dynamic views"
   xmlns:i18n="http://xml.zope.org/namespaces/i18n" i18n:domain="plone">

 <property name="title" i18n:translate="">Faculty/Staff Directory</property>
 <property name="description" i18n:translate="">A directory of faculty and staff members</property>
 <property name="content_icon">folder_icon.gif</property>
 <property name="content_meta_type">FSDFacultyStaffDirectory</property>
 <property name="product">FacultyStaffDirectory</property>
 <property name="factory">addFacultyStaffDirectory</property>
 <property name="immediate_view">directory_standard_view</property>
 <property name="global_allow">True</property>
 <property name="filter_content_types">True</property>
 <property name="allowed_content_types">
  <element value="FSDPerson"/>
  <element value="FSDClassification"/>
  <element value="FSDCommitteesFolder"/>
  <element value="FSDSpecialtiesFolder"/>
  <element value="FSDDepartment"/>
  <element value="Document"/>
  <element value="Topic"/>
 </property>
 <property name="allow_discussion">False</property>
 <property name="default_view">directory_standard_view</property>
 <property name="view_methods">
  <element value="directory_standard_view"/>
  <element value="directory_tabular_view"/>
  <element value="fsd_atoz_view"/>
 </property>
 <property name="default_view_fallback">False</property>
 <alias from="(Default)" to="(dynamic view)"/>
 <alias from="edit" to="base_edit"/>
 <alias from="index.html" to="(selected layout)"/>
 <alias from="properties" to="base_metadata"/>
 <alias from="sharing" to="folder_localrole_form"/>
 <alias from="view" to="(selected layout)"/>
 <action title="View" action_id="view" category="object" condition_expr=""
    url_expr="string:${object_url}/" visible="True">
  <permission value="View"/>
 </action>
 <action title="Edit" action_id="edit" category="object" condition_expr=""
    url_expr="string:${object_url}/edit" visible="True">
  <permission value="Modify portal content"/>
 </action>
 <action title="Properties" action_id="metadata" category="object"
    condition_expr="python:0" url_expr="string:${object_url}/base_metadata"
    visible="False">
  <permission value="Modify portal content"/>
 </action>
 <action title="References" action_id="references" category="object"
    condition_expr="object/archetype_tool/has_graphviz"
    url_expr="string:${object_url}/reference_graph" visible="True">
  <permission value="Modify portal content"/>
  <permission value="Review portal content"/>
 </action>
 <action title="Sharing" action_id="local_roles" category="object"
    condition_expr="python:0"
    url_expr="string:${object_url}/folder_localrole_form" visible="False">
  <permission value="View"/>
 </action>
</object>
