<?xml version="1.0"?>
<object name="FSDFacultyStaffDirectoryTool"
   meta_type="Factory-based Type Information"
   xmlns:i18n="http://xml.zope.org/namespaces/i18n" i18n:domain="plone">

 <property name="title" i18n:translate="">FacultyStaffDirectory Tool</property>
 <property name="description" i18n:translate=""></property>
 <property name="content_icon">document_icon.gif</property>
 <property name="content_meta_type">FSDFacultyStaffDirectoryTool</property>
 <property name="product">FacultyStaffDirectory</property>
 <property name="factory">addFacultyStaffDirectoryTool</property>
 <property name="immediate_view">base_edit</property>
 <property name="global_allow">False</property>
 <property name="filter_content_types">False</property>
 <property name="allowed_content_types"/>
 <property name="allow_discussion">False</property>
 <alias from="(Default)" to="pre_edit_setup"/>
 <alias from="base_view" to="pre_edit_setup"/>
 <alias from="edit" to="pre_edit_setup"/>
 <alias from="index.html" to="pre_edit_setup"/>
 <alias from="view" to="pre_edit_setup"/>
 <action title="View" action_id="view" category="object" condition_expr=""
    url_expr="string:${object_url}/view" visible="True">
  <permission value="View"/>
 </action>
 <action title="Edit" action_id="edit" category="object"
    condition_expr="not:object/@@plone_lock_info/is_locked_for_current_user"
    url_expr="string:${object_url}/edit" visible="True">
  <permission value="Modify portal content"/>
 </action>
 <action title="Properties" action_id="metadata" category="object"
    condition_expr="" url_expr="string:${object_url}/properties"
    visible="True">
  <permission value="Modify portal content"/>
 </action>
 <action title="References" action_id="references" category="object"
    condition_expr="object/archetype_tool/has_graphviz"
    url_expr="string:${object_url}/reference_graph" visible="True">
  <permission value="Modify portal content"/>
  <permission value="Review portal content"/>
 </action>
</object>
