<?xml version="1.0"?>
<object name="FSDSpecialtiesFolder"
   meta_type="Factory-based Type Information with dynamic views"
   xmlns:i18n="http://xml.zope.org/namespaces/i18n" i18n:domain="plone">

 <property name="title" i18n:translate="">Specialties Folder</property>
 <property name="description" i18n:translate="">Holds and displays specialties.</property>
 <property name="content_icon">folder_icon.gif</property>
 <property name="content_meta_type">FSDSpecialtiesFolder</property>
 <property name="product">FacultyStaffDirectory</property>
 <property name="factory">addSpecialtiesFolder</property>
 <property name="immediate_view">specialtiesfolder_view</property>
 <property name="global_allow">False</property>
 <property name="filter_content_types">True</property>
 <property name="allowed_content_types">
  <element value="FSDSpecialty"/>
 </property>
 <property name="allow_discussion">False</property>
 <property name="default_view">specialtiesfolder_view</property>
 <property name="view_methods">
  <element value="specialtiesfolder_view"/>
  <element value="specialtiesfolder_overview"/>
 </property>
 <property name="default_view_fallback">False</property>
 <alias from="(Default)" to="specialtiesfolder_view"/>
 <alias from="edit" to="base_edit"/>
 <alias from="index.html" to="specialtiesfolder_view"/>
 <alias from="properties" to="base_metadata"/>
 <alias from="sharing" to="folder_localrole_form"/>
 <alias from="view" to="specialtiesfolder_view"/>
 <action title="View" action_id="view" category="object" condition_expr=""
    url_expr="string:${object_url}/" visible="True">
  <permission value="View"/>
 </action>
 <action title="Edit" action_id="edit" category="object" condition_expr=""
    url_expr="string:${object_url}/edit" visible="True">
  <permission value="Modify portal content"/>
 </action>
 <action title="Properties" action_id="metadata" category="object"
    condition_expr="python:0" url_expr="string:${object_url}/base_metadata"
    visible="False">
  <permission value="Modify portal content"/>
 </action>
 <action title="References" action_id="references" category="object"
    condition_expr="object/archetype_tool/has_graphviz"
    url_expr="string:${object_url}/reference_graph" visible="True">
  <permission value="Modify portal content"/>
  <permission value="Review portal content"/>
 </action>
 <action title="Sharing" action_id="local_roles" category="object"
    condition_expr="python:0"
    url_expr="string:${object_url}/folder_localrole_form" visible="False">
  <permission value="View"/>
 </action>
</object>
