<?xml version="1.0"?>
<object name="portal_actions" meta_type="Plone Actions Tool"
   xmlns:i18n="http://xml.zope.org/namespaces/i18n"
   i18n:domain="plone">
   
 <object name="object" meta_type="CMF Action Category">

  <object name="carousel" meta_type="CMF Action">
   <property name="title" i18n:translate="">Carousel</property>
   <property name="description" i18n:translate="">Manage Carousel banners for this section.</property>
   <property
      name="url_expr">python:((plone_context_state.is_structural_folder() and not plone_context_state.is_default_page()) and object or plone_context_state.parent()).absolute_url() + '/@@edit-carousel'</property>
   <property name="icon_expr"></property>
   <property name="available_expr"></property>
   <property name="permissions">
    <element value="Carousel: Manage Carousel"/>
   </property>
   <property name="visible">True</property>
  </object>

 </object>
</object>
