<?xml version="1.0"?>
<object name="portal_properties">
 <object name="site_properties">
  <property name="types_not_searched" type="lines" purge="False">
      <element value="AliasVocabulary"/>
      <element value="SimpleVocabulary"/>
      <element value="SimpleVocabularyTerm"/>
      <element value="SortedSimpleVocabulary"/>
      <element value="TreeVocabulary"/>
      <element value="TreeVocabularyTerm"/>
      <element value="VdexFileVocabulary"/>
      <element value="VdexLangstring"/>
      <element value="VdexMediaDescriptor"/>
      <element value="VdexRelationEndPoint"/>
      <element value="VdexTerm"/>
      <element value="VdexVocabulary"/>
      <element value="VocabularyLibrary"/>
      <element value="Employee"/>
  </property>
 </object>
 <object name="navtree_properties" meta_type="Plone Property Sheet">
  <property name="parentMetaTypesNotToQuery" type="lines">
   <element value="TempFolder"/>
   <element value="Employeefolder" />
  </property>
 </object>
 <object name="vsorg_properties" meta_type="Plone Property Sheet">
  <property name="google_maps_api_key" type="string"></property>
  <property name="numberRegex" type="string">^$|\+\d{1,3} \d+ \d+\-\d+$|\+\d{2} \d+ \d+$</property>
  <property name="allowedCountryCodes" type="lines" />
  <property name="showHCards" type="boolean">True</property>
  <property name="employeeFolderExactSearch" type="boolean">True</property>
 </object>
</object>
