<?xml version="1.0"?>
<rolemap>
  <permissions>
    <permission name="vs.org: Add Institution" acquire="False">
      <role name="Manager" />
      <role name="Contributor" />
    </permission>
    <permission name="vs.org: Add Department" acquire="False">
      <role name="Manager" />
      <role name="Contributor" />
    </permission>
    <permission name="vs.org: Add Employee" acquire="False">
      <role name="Manager" />
      <role name="Contributor" />
    </permission>
    <permission name="vs.org: Add Employeefolder" acquire="False">
      <role name="Manager" />
      <role name="Contributor" />
    </permission>
  </permissions>
</rolemap>
