<?xml version="1.0"?>
<object>
 <resourcetypes>
  <linkable>
   <element value="Institution"/>
   <element value="Department"/>
   <element value="EmployeeFolder"/>
   <element value="Employee"/>
  </linkable>
  <containsobjects>
   <element value="Institution"/>
   <element value="Department"/>
   <element value="EmployeeFolder"/>
  </containsobjects>
  <containsanchors>
   <element value="Institution"/>
   <element value="Department"/>
   <element value="Employee"/>
  </containsanchors>
 </resourcetypes>
</object>
