<?xml version="1.0"?>
<object name="membrane_tool" meta_type="MembraneTool">
  <membrane-type name="FSDFacultyStaffDirectory">
    <active-workflow-state name="published" />
  </membrane-type>
  <membrane-type name="FSDPerson">
    <active-workflow-state name="active" />
    <active-workflow-state name="hiddenactive" />
  </membrane-type>
  <membrane-type name="FSDCommittee">
    <active-workflow-state name="active" />
  </membrane-type>
  <membrane-type name="FSDClassification">
    <active-workflow-state name="active" />
  </membrane-type>
  <membrane-type name="FSDDepartment">
    <active-workflow-state name="active" />
  </membrane-type>
  <query_index_map>
      <index name="fullname">Title</index>
      <index name="email">getEmail</index>
  </query_index_map>
</object>
