<?xml version="1.0"?>
<atcttool
    xmlns:i18n="http://xml.zope.org/namespaces/i18n">
 <topic_indexes i18n:domain="plone">
  <index name="getRawClassifications"
     description="The classification assigned to a person" enabled="True"
     friendlyName="Classification"
     i18n:attributes="description; friendlyName">
   <criteria>ATReferenceCriterion</criteria>
  </index>
  <index name="getRawCommittees" description="A person's listed committees"
     enabled="True" friendlyName="Committee"
     i18n:attributes="description; friendlyName">
   <criteria>ATReferenceCriterion</criteria>
  </index>
  <index name="getRawDepartments"
     description="The departments assigned to a person" enabled="True"
     friendlyName="Department"
     i18n:attributes="description; friendlyName">
   <criteria>ATReferenceCriterion</criteria>
  </index>
  <index name="getRawPeople"
     description="The people assigned to a person grouping (ie committee, department, specialty, classification)"
     enabled="True" friendlyName="People"
     i18n:attributes="description; friendlyName">
   <criteria>ATReferenceCriterion</criteria>
  </index>
  <index name="getRawSpecialties"
     description="A person's listed specialty areas" enabled="True"
     friendlyName="Specialty"
     i18n:attributes="description; friendlyName">
   <criteria>ATReferenceCriterion</criteria>
  </index>
  <index name="getSortableName"
     description="The person's name, last name first" enabled="True"
     friendlyName="Full Name"
     i18n:attributes="description; friendlyName">
   <criteria>ATListCriterion</criteria>
  </index>
 </topic_indexes>
 <topic_metadata>
  <metadata name="getClassificationNames"
     description="The classifications with which the person is associated"
     enabled="True" friendlyName="Classifications"
     i18n:attributes="description; friendlyName"/>
  <metadata name="getCommitteeNames"
     description="The committees with which the person is associated"
     enabled="True" friendlyName="Committees"
     i18n:attributes="description; friendlyName"/>
  <metadata name="getDepartmentNames"
     description="The departments with which the person is associated"
     enabled="True" friendlyName="Departments"
     i18n:attributes="description; friendlyName"/>
  <metadata name="getResearchTopics"
     description="The research topics with which the person is associated"
     enabled="True" friendlyName="Research Topics"
     i18n:attributes="description; friendlyName"/>
  <metadata name="getSpecialtyNames"
     description="The specialties with which the person is associated"
     enabled="True" friendlyName="Specialties"
     i18n:attributes="description; friendlyName"/>
 </topic_metadata>
</atcttool>
