<?xml version="1.0"?>
<repositorytool>
    <policymap>
        <type name="FSDPerson">
            <policy name="at_edit_autoversion"/>
            <policy name="version_on_revert"/>
        </type>
        <type name="FSDCommittee">
            <policy name="at_edit_autoversion"/>
            <policy name="version_on_revert"/>
        </type>
        <type name="FSDSpecialty">
            <policy name="at_edit_autoversion"/>
            <policy name="version_on_revert"/>
        </type>
    </policymap>
</repositorytool>