<?xml version="1.0"?>
<object name="portal_types" meta_type="Plone Types Tool">
 <object name="FSDFacultyStaffDirectory" meta_type="Factory-based Type Information with dynamic views"/>
 <object name="FSDPerson" meta_type="Factory-based Type Information with dynamic views"/>
 <object name="FSDPersonGrouping" meta_type="Factory-based Type Information with dynamic views"/>
 <object name="FSDClassification" meta_type="Factory-based Type Information with dynamic views"/>
 <object name="FSDCommitteesFolder" meta_type="Factory-based Type Information with dynamic views"/> 
 <object name="FSDCommittee" meta_type="Factory-based Type Information with dynamic views"/>
 <object name="FSDCommitteeMembership" meta_type="Factory-based Type Information with dynamic views"/>
 <object name="FSDDepartment" meta_type="Factory-based Type Information with dynamic views"/>
 <object name="FSDDepartmentalMembership" meta_type="Factory-based Type Information with dynamic views"/> 
 <object name="FSDSpecialtiesFolder" meta_type="Factory-based Type Information with dynamic views"/> 
 <object name="FSDSpecialty" meta_type="Factory-based Type Information with dynamic views"/>
 <object name="FSDSpecialtyInformation" meta_type="Factory-based Type Information with dynamic views"/> 
 <object name="FSDCourse" meta_type="Factory-based Type Information with dynamic views"/>
 <object name="FSDFacultyStaffDirectoryTool" meta_type="Factory-based Type Information with dynamic views"/>
 <object name="ATTopic" meta_type="Factory-based Type Information with dynamic views"/>
</object>
