<?xml version="1.0"?>
<!-- $Id$ -->
<object name="portal_properties">
  <object name="navtree_properties">
    <property name="metaTypesNotToList" type="lines" purge="False">
      <element value="CollageRow"/>
      <element value="CollageColumn"/>
      <element value="CollageAlias"/>
    </property>
  </object>
  <object name="collage_properties" meta_type="Plone Property Sheet">
    <property name="title">Options for Collage</property>
    <property name="ref_browser_empty" type="boolean">False</property>
    <property name="ref_browser_types" type="boolean">False</property>
    <property name="use_whitelist" type="boolean">False</property>
    <property name="types_whitelist" type="lines">
      <element value="Document"/>
      <element value="Event"/>
      <element value="File"/>
      <element value="Image"/>
      <element value="Link"/>
      <element value="News Item"/>
      <element value="Topic"/>
    </property>
    <property name="alias_whitelist" type="lines">
      <element value="Document"/>
      <element value="Event"/>
      <element value="File"/>
      <element value="Folder"/>
      <element value="Image"/>
      <element value="Link"/>
      <element value="News Item"/>
      <element value="Topic"/>
    </property>
    <property name="batch_size" type="int">3</property>
  </object>
</object>
